model,case_id,attempted_repetitions,successful_repetitions,validation_failures,cache_verification_failures,schema_failures,total_attempts,historical_failures,requires_web_probability_mean,requires_web_probability_std,requires_web_probability_median,requires_web_probability_min,requires_web_probability_max,is_safe_probability_mean,is_safe_probability_std,is_safe_probability_median,is_safe_probability_min,is_safe_probability_max,route_answer_directly_probability_mean,route_answer_directly_probability_std,route_answer_directly_probability_median,route_answer_directly_probability_min,route_answer_directly_probability_max,route_web_search_probability_mean,route_web_search_probability_std,route_web_search_probability_median,route_web_search_probability_min,route_web_search_probability_max,route_refuse_probability_mean,route_refuse_probability_std,route_refuse_probability_median,route_refuse_probability_min,route_refuse_probability_max,route_ask_clarification_probability_mean,route_ask_clarification_probability_std,route_ask_clarification_probability_median,route_ask_clarification_probability_min,route_ask_clarification_probability_max,freshness_0_probability_mean,freshness_0_probability_std,freshness_0_probability_median,freshness_0_probability_min,freshness_0_probability_max,freshness_1_probability_mean,freshness_1_probability_std,freshness_1_probability_median,freshness_1_probability_min,freshness_1_probability_max,freshness_2_probability_mean,freshness_2_probability_std,freshness_2_probability_median,freshness_2_probability_min,freshness_2_probability_max,freshness_3_probability_mean,freshness_3_probability_std,freshness_3_probability_median,freshness_3_probability_min,freshness_3_probability_max,freshness_4_probability_mean,freshness_4_probability_std,freshness_4_probability_median,freshness_4_probability_min,freshness_4_probability_max,freshness_5_probability_mean,freshness_5_probability_std,freshness_5_probability_median,freshness_5_probability_min,freshness_5_probability_max,expected_freshness_mean,expected_freshness_std,expected_freshness_median,expected_freshness_min,expected_freshness_max,requires_web_decision_consistency,is_safe_decision_consistency,route_consistency,route_entropy_bits_mean,route_sum_error_mean,route_sum_error_abs_max,freshness_entropy_bits_mean,freshness_sum_error_mean,freshness_sum_error_abs_max,latency_ms_mean,latency_ms_median,latency_ms_p95,input_tokens_available_repetitions,input_tokens_total,input_tokens_mean,output_tokens_available_repetitions,output_tokens_total,output_tokens_mean
tev1:0.8b,1,1,1,0,0,0,1,0,0.34929339686926,,0.34929339686926,0.34929339686926,0.34929339686926,0.5723213088941089,,0.5723213088941089,0.5723213088941089,0.5723213088941089,0.7514897595866019,,0.7514897595866019,0.7514897595866019,0.7514897595866019,0.2188612336160114,,0.2188612336160114,0.2188612336160114,0.2188612336160114,0.0059448140226561,,0.0059448140226561,0.0059448140226561,0.0059448140226561,0.0237041927747304,,0.0237041927747304,0.0237041927747304,0.0237041927747304,0.4175577386653072,,0.4175577386653072,0.4175577386653072,0.4175577386653072,0.4698812869815045,,0.4698812869815045,0.4698812869815045,0.4698812869815045,0.0503995301876268,,0.0503995301876268,0.0503995301876268,0.0503995301876268,0.0189570474985629,,0.0189570474985629,0.0189570474985629,0.0189570474985629,0.019511860330877,,0.019511860330877,0.019511860330877,0.019511860330877,0.0236925363361215,,0.0236925363361215,0.0236925363361215,0.0236925363361215,0.824061612856563,,0.824061612856563,0.824061612856563,0.824061612856563,1.0,1.0,1.0,0.9613985359937628,-1.1102230246251563e-16,1.1102230246251563e-16,1.6025442273109296,0.0,0.0,1591.8035840149969,1591.8035840149969,1591.8035840149969,1,2523.0,2523.0,1,4.0,4.0
tev1:0.8b,2,1,1,0,0,0,1,0,0.5503864966744979,,0.5503864966744979,0.5503864966744979,0.5503864966744979,0.5875253021497553,,0.5875253021497553,0.5875253021497553,0.5875253021497553,0.3959578595340854,,0.3959578595340854,0.3959578595340854,0.3959578595340854,0.5666903526503798,,0.5666903526503798,0.5666903526503798,0.5666903526503798,0.0064477996931052,,0.0064477996931052,0.0064477996931052,0.0064477996931052,0.0309039881224294,,0.0309039881224294,0.0309039881224294,0.0309039881224294,0.2802165183473581,,0.2802165183473581,0.2802165183473581,0.2802165183473581,0.3965670190609969,,0.3965670190609969,0.3965670190609969,0.3965670190609969,0.0917781759705986,,0.0917781759705986,0.0917781759705986,0.0917781759705986,0.0615840542357881,,0.0615840542357881,0.0615840542357881,0.0615840542357881,0.0625710452664665,,0.0625710452664665,0.0625710452664665,0.0625710452664665,0.1072831871187914,,0.1072831871187914,0.1072831871187914,0.1072831871187914,1.5515756503693825,,1.5515756503693825,1.5515756503693825,1.5515756503693825,1.0,1.0,1.0,1.195494309567056,-1.1102230246251563e-16,1.1102230246251563e-16,2.2030460258078657,-2.220446049250313e-16,2.220446049250313e-16,1554.0875419974327,1554.0875419974327,1554.0875419974327,1,2531.0,2531.0,1,4.0,4.0
tev1:0.8b,3,1,1,0,0,0,1,0,0.8369724475528673,,0.8369724475528673,0.8369724475528673,0.8369724475528673,0.8261043514863629,,0.8261043514863629,0.8261043514863629,0.8261043514863629,0.0545747459643777,,0.0545747459643777,0.0545747459643777,0.0545747459643777,0.9366970879459866,,0.9366970879459866,0.9366970879459866,0.9366970879459866,0.0029834858517122,,0.0029834858517122,0.0029834858517122,0.0029834858517122,0.0057446802379234,,0.0057446802379234,0.0057446802379234,0.0057446802379234,0.1130854339567909,,0.1130854339567909,0.1130854339567909,0.1130854339567909,0.4736944099352416,,0.4736944099352416,0.4736944099352416,0.4736944099352416,0.0863175123650201,,0.0863175123650201,0.0863175123650201,0.0863175123650201,0.0563976069620675,,0.0563976069620675,0.0563976069620675,0.0563976069620675,0.0782913627288116,,0.0782913627288116,0.0782913627288116,0.0782913627288116,0.1922136740520682,,0.1922136740520682,0.1922136740520682,0.1922136740520682,2.0897560767270713,,2.0897560767270713,2.0897560767270713,2.0897560767270713,1.0,1.0,1.0,0.3851368921273749,0.0,0.0,2.1502803605286585,2.220446049250313e-16,2.220446049250313e-16,1558.6742910090834,1558.6742910090834,1558.6742910090834,1,2531.0,2531.0,1,4.0,4.0
tev1:0.8b,4,1,1,0,0,0,1,0,0.5866801111807597,,0.5866801111807597,0.5866801111807597,0.5866801111807597,0.9371020567936216,,0.9371020567936216,0.9371020567936216,0.9371020567936216,0.4807850408220434,,0.4807850408220434,0.4807850408220434,0.4807850408220434,0.4916048646019638,,0.4916048646019638,0.4916048646019638,0.4916048646019638,0.0048993436163994,,0.0048993436163994,0.0048993436163994,0.0048993436163994,0.0227107509595932,,0.0227107509595932,0.0227107509595932,0.0227107509595932,0.2736117360306076,,0.2736117360306076,0.2736117360306076,0.2736117360306076,0.649669461912409,,0.649669461912409,0.649669461912409,0.649669461912409,0.0460197849055976,,0.0460197849055976,0.0460197849055976,0.0460197849055976,0.0116351799591951,,0.0116351799591951,0.0116351799591951,0.0116351799591951,0.0099122384641808,,0.0099122384641808,0.0099122384641808,0.0099122384641808,0.0091515987280096,,0.0091515987280096,0.0091515987280096,0.0091515987280096,0.8620215190979615,,0.8620215190979615,0.8620215190979615,0.8620215190979615,1.0,1.0,1.0,1.1731862195441534,-1.1102230246251563e-16,1.1102230246251563e-16,1.3229532302445104,0.0,0.0,1542.7306659985334,1542.7306659985334,1542.7306659985334,1,2519.0,2519.0,1,4.0,4.0
tev1:0.8b,5,1,1,0,0,0,1,0,0.5969196972928399,,0.5969196972928399,0.5969196972928399,0.5969196972928399,0.7828570923156065,,0.7828570923156065,0.7828570923156065,0.7828570923156065,0.2277815521680782,,0.2277815521680782,0.2277815521680782,0.2277815521680782,0.6339786634561243,,0.6339786634561243,0.6339786634561243,0.6339786634561243,0.0100196356540233,,0.0100196356540233,0.0100196356540233,0.0100196356540233,0.1282201487217741,,0.1282201487217741,0.1282201487217741,0.1282201487217741,0.2653447087932878,,0.2653447087932878,0.2653447087932878,0.2653447087932878,0.4284584779993402,,0.4284584779993402,0.4284584779993402,0.4284584779993402,0.1190839732594375,,0.1190839732594375,0.1190839732594375,0.1190839732594375,0.0886152801319089,,0.0886152801319089,0.0886152801319089,0.0886152801319089,0.0496200023888377,,0.0496200023888377,0.0496200023888377,0.0496200023888377,0.0488775574271877,,0.0488775574271877,0.0488775574271877,0.0488775574271877,1.375340061605232,,1.375340061605232,1.375340061605232,1.375340061605232,1.0,1.0,1.0,1.3494820994102388,0.0,0.0,2.135047007389445,0.0,0.0,1556.8627920001743,1556.8627920001743,1556.8627920001743,1,2527.0,2527.0,1,4.0,4.0
tev1:0.8b,6,1,1,0,0,0,1,0,0.4166594142534959,,0.4166594142534959,0.4166594142534959,0.4166594142534959,0.6158877255509257,,0.6158877255509257,0.6158877255509257,0.6158877255509257,0.4589162404464841,,0.4589162404464841,0.4589162404464841,0.4589162404464841,0.48912168447702,,0.48912168447702,0.48912168447702,0.48912168447702,0.0119217261928535,,0.0119217261928535,0.0119217261928535,0.0119217261928535,0.0400403488836422,,0.0400403488836422,0.0400403488836422,0.0400403488836422,0.3457086284491964,,0.3457086284491964,0.3457086284491964,0.3457086284491964,0.3388151588037629,,0.3388151588037629,0.3388151588037629,0.3388151588037629,0.0757846671201347,,0.0757846671201347,0.0757846671201347,0.0757846671201347,0.0597059473464947,,0.0597059473464947,0.0597059473464947,0.0597059473464947,0.0810486961065179,,0.0810486961065179,0.0810486961065179,0.0810486961065179,0.0989369021738933,,0.0989369021738933,0.0989369021738933,0.0989369021738933,1.4883816303790551,,1.4883816303790551,1.4883816303790551,1.4883816303790551,1.0,1.0,1.0,1.282393056291511,-1.1102230246251563e-16,1.1102230246251563e-16,2.2076139130724033,0.0,0.0,1561.647875001654,1561.647875001654,1561.647875001654,1,2531.0,2531.0,1,4.0,4.0
tev1:0.8b,7,1,1,0,0,0,1,0,0.575599181277173,,0.575599181277173,0.575599181277173,0.575599181277173,0.0212921219728481,,0.0212921219728481,0.0212921219728481,0.0212921219728481,0.3283160331748191,,0.3283160331748191,0.3283160331748191,0.3283160331748191,0.2394747038605588,,0.2394747038605588,0.2394747038605588,0.2394747038605588,0.4194775147861911,,0.4194775147861911,0.4194775147861911,0.4194775147861911,0.0127317481784307,,0.0127317481784307,0.0127317481784307,0.0127317481784307,0.1529960308973889,,0.1529960308973889,0.1529960308973889,0.1529960308973889,0.2981949566254344,,0.2981949566254344,0.2981949566254344,0.2981949566254344,0.0984986859673209,,0.0984986859673209,0.0984986859673209,0.0984986859673209,0.1177364873706768,,0.1177364873706768,0.1177364873706768,0.1177364873706768,0.1270686708778161,,0.1270686708778161,0.1270686708778161,0.1270686708778161,0.2055051682613628,,0.2055051682613628,0.2055051682613628,0.2055051682613628,2.3842023154901852,,2.3842023154901852,2.3842023154901852,2.3842023154901852,1.0,1.0,1.0,1.6272597157918411,-1.1102230246251563e-16,1.1102230246251563e-16,2.4749780177575835,0.0,0.0,1562.1206249925308,1562.1206249925308,1562.1206249925308,1,2555.0,2555.0,1,4.0,4.0
tev1:0.8b,8,1,1,0,0,0,1,0,0.391276912864657,,0.391276912864657,0.391276912864657,0.391276912864657,0.8260210348495716,,0.8260210348495716,0.8260210348495716,0.8260210348495716,0.8298982896980903,,0.8298982896980903,0.8298982896980903,0.8298982896980903,0.1382124694205299,,0.1382124694205299,0.1382124694205299,0.1382124694205299,0.0041359644673483,,0.0041359644673483,0.0041359644673483,0.0041359644673483,0.0277532764140312,,0.0277532764140312,0.0277532764140312,0.0277532764140312,0.3308074141052728,,0.3308074141052728,0.3308074141052728,0.3308074141052728,0.5329415417219311,,0.5329415417219311,0.5329415417219311,0.5329415417219311,0.0923636630286817,,0.0923636630286817,0.0923636630286817,0.0923636630286817,0.0212260483183511,,0.0212260483183511,0.0212260483183511,0.0212260483183511,0.0135496582263662,,0.0135496582263662,0.0135496582263662,0.0135496582263662,0.0091116745993967,,0.0091116745993967,0.0091116745993967,0.0091116745993967,0.8811040186367971,,0.8811040186367971,0.8811040186367971,0.8811040186367971,1.0,1.0,1.0,0.7941039070526921,-1.1102230246251563e-16,1.1102230246251563e-16,1.5930610235812803,0.0,0.0,1558.260167017579,1558.260167017579,1558.260167017579,1,2551.0,2551.0,1,4.0,4.0
tev1:0.8b,9,1,1,0,0,0,1,0,0.6583316946467564,,0.6583316946467564,0.6583316946467564,0.6583316946467564,0.8202209471422658,,0.8202209471422658,0.8202209471422658,0.8202209471422658,0.1668212035032713,,0.1668212035032713,0.1668212035032713,0.1668212035032713,0.7762321613791662,,0.7762321613791662,0.7762321613791662,0.7762321613791662,0.0180625227300941,,0.0180625227300941,0.0180625227300941,0.0180625227300941,0.0388841123874683,,0.0388841123874683,0.0388841123874683,0.0388841123874683,0.1400335668004003,,0.1400335668004003,0.1400335668004003,0.1400335668004003,0.4295374523588613,,0.4295374523588613,0.4295374523588613,0.4295374523588613,0.1389226339722835,,0.1389226339722835,0.1389226339722835,0.1389226339722835,0.0873297705477861,,0.0873297705477861,0.0873297705477861,0.0873297705477861,0.070692133606572,,0.070692133606572,0.070692133606572,0.070692133606572,0.1334844427140965,,0.1334844427140965,0.1334844427140965,0.1334844427140965,1.919562779943558,,1.919562779943558,1.919562779943558,1.919562779943558,1.0,1.0,1.0,1.0014266213691347,-1.1102230246251563e-16,1.1102230246251563e-16,2.281613342420302,0.0,0.0,1555.7627910166048,1555.7627910166048,1555.7627910166048,1,2535.0,2535.0,1,4.0,4.0
tev1:0.8b,10,1,1,0,0,0,1,0,0.4744390500813596,,0.4744390500813596,0.4744390500813596,0.4744390500813596,0.8461987957954723,,0.8461987957954723,0.8461987957954723,0.8461987957954723,0.3626123152553102,,0.3626123152553102,0.3626123152553102,0.3626123152553102,0.4610645520395249,,0.4610645520395249,0.4610645520395249,0.4610645520395249,0.0140191950027019,,0.0140191950027019,0.0140191950027019,0.0140191950027019,0.1623039377024629,,0.1623039377024629,0.1623039377024629,0.1623039377024629,0.3292692600548978,,0.3292692600548978,0.3292692600548978,0.3292692600548978,0.4573823231588858,,0.4573823231588858,0.4573823231588858,0.4573823231588858,0.0963175626927755,,0.0963175626927755,0.0963175626927755,0.0963175626927755,0.0650867535819451,,0.0650867535819451,0.0650867535819451,0.0650867535819451,0.032141712591676,,0.032141712591676,0.032141712591676,0.032141712591676,0.0198023879198196,,0.0198023879198196,0.0198023879198196,0.0198023879198196,1.072856499256075,,1.072856499256075,1.072856499256075,1.072856499256075,1.0,1.0,1.0,1.5577426290183038,0.0,0.0,1.8970372485678832,0.0,0.0,1571.4382500154898,1571.4382500154898,1571.4382500154898,1,2523.0,2523.0,1,4.0,4.0
tev1:4b,1,1,1,0,0,0,1,0,0.0940569873675591,,0.0940569873675591,0.0940569873675591,0.0940569873675591,0.932643352026537,,0.932643352026537,0.932643352026537,0.932643352026537,0.9809683829944676,,0.9809683829944676,0.9809683829944676,0.9809683829944676,0.0162140648642725,,0.0162140648642725,0.0162140648642725,0.0162140648642725,0.0001175677001897,,0.0001175677001897,0.0001175677001897,0.0001175677001897,0.0026999844410702,,0.0026999844410702,0.0026999844410702,0.0026999844410702,0.678726737318309,,0.678726737318309,0.678726737318309,0.678726737318309,0.3186666683254658,,0.3186666683254658,0.3186666683254658,0.3186666683254658,0.0013266165741635,,0.0013266165741635,0.0013266165741635,0.0013266165741635,0.0004413605646858,,0.0004413605646858,0.0004413605646858,0.0004413605646858,0.0002331401863568,,0.0002331401863568,0.0002331401863568,0.0002331401863568,0.0006054770310189,,0.0006054770310189,0.0006054770310189,0.0006054770310189,0.3266039290683727,,0.3266039290683727,0.3266039290683727,0.3266039290683727,1.0,1.0,1.0,0.1481858700086313,0.0,0.0,0.932120666551886,0.0,0.0,4104.915792006068,4104.915792006068,4104.915792006068,1,2523.0,2523.0,1,4.0,4.0
tev1:4b,2,1,1,0,0,0,1,0,0.8987206879100103,,0.8987206879100103,0.8987206879100103,0.8987206879100103,0.9250963043289032,,0.9250963043289032,0.9250963043289032,0.9250963043289032,0.2176172575443529,,0.2176172575443529,0.2176172575443529,0.2176172575443529,0.7766048554690563,,0.7766048554690563,0.7766048554690563,0.7766048554690563,0.0010728617506136,,0.0010728617506136,0.0010728617506136,0.0010728617506136,0.0047050252359769,,0.0047050252359769,0.0047050252359769,0.0047050252359769,0.0525094513563011,,0.0525094513563011,0.0525094513563011,0.0525094513563011,0.2364810890793462,,0.2364810890793462,0.2364810890793462,0.2364810890793462,0.0385103469095715,,0.0385103469095715,0.0385103469095715,0.0385103469095715,0.0244962273301876,,0.0244962273301876,0.0244962273301876,0.0244962273301876,0.6456435909889727,,0.6456435909889727,0.6456435909889727,0.6456435909889727,0.0023592943356206,,0.0023592943356206,0.0023592943356206,0.0023592943356206,2.981361300523047,,2.981361300523047,2.981361300523047,2.981361300523047,1.0,1.0,1.0,0.809012288127552,-1.1102230246251563e-16,1.1102230246251563e-16,1.455307171653531,0.0,0.0,3815.45058399206,3815.45058399206,3815.45058399206,1,2531.0,2531.0,1,4.0,4.0
tev1:4b,3,1,1,0,0,0,1,0,0.9912102627181002,,0.9912102627181002,0.9912102627181002,0.9912102627181002,0.9803387487948808,,0.9803387487948808,0.9803387487948808,0.9803387487948808,0.0050819213967408,,0.0050819213967408,0.0050819213967408,0.0050819213967408,0.9882294008949128,,0.9882294008949128,0.9882294008949128,0.9882294008949128,0.000204205511927,,0.000204205511927,0.000204205511927,0.000204205511927,0.0064844721964192,,0.0064844721964192,0.0064844721964192,0.0064844721964192,0.0028948487989413,,0.0028948487989413,0.0028948487989413,0.0028948487989413,0.0549402636731706,,0.0549402636731706,0.0549402636731706,0.0549402636731706,0.0002216754592209,,0.0002216754592209,0.0002216754592209,0.0002216754592209,0.0026810585286275,,0.0026810585286275,0.0026810585286275,0.0026810585286275,0.591281164183192,,0.591281164183192,0.591281164183192,0.591281164183192,0.3479809893568475,,0.3479809893568475,0.3479809893568475,0.3479809893568475,4.168456393694501,,4.168456393694501,4.168456393694501,4.168456393694501,1.0,1.0,1.0,0.1052447636662293,0.0,0.0,1.258172684330722,-1.1102230246251563e-16,1.1102230246251563e-16,3824.12608305458,3824.12608305458,3824.12608305458,1,2531.0,2531.0,1,4.0,4.0
tev1:4b,4,1,1,0,0,0,1,0,0.1795193178261628,,0.1795193178261628,0.1795193178261628,0.1795193178261628,0.8815790752133723,,0.8815790752133723,0.8815790752133723,0.8815790752133723,0.9289596574410824,,0.9289596574410824,0.9289596574410824,0.9289596574410824,0.0669878043668341,,0.0669878043668341,0.0669878043668341,0.0669878043668341,0.0010190202567941,,0.0010190202567941,0.0010190202567941,0.0010190202567941,0.0030335179352894,,0.0030335179352894,0.0030335179352894,0.0030335179352894,0.7280443268184364,,0.7280443268184364,0.7280443268184364,0.7280443268184364,0.2631194849346667,,0.2631194849346667,0.2631194849346667,0.2631194849346667,0.0068961870270486,,0.0068961870270486,0.0068961870270486,0.0068961870270486,0.0012405946814491,,0.0012405946814491,0.0012405946814491,0.0012405946814491,0.0004078923497661,,0.0004078923497661,0.0004078923497661,0.0004078923497661,0.0002915141886328,,0.0002915141886328,0.0002915141886328,0.0002915141886328,0.2837227833753405,,0.2837227833753405,0.2837227833753405,0.2837227833753405,1.0,1.0,1.0,0.3955116875199008,0.0,0.0,0.9097046104750016,0.0,0.0,3827.145749994088,3827.145749994088,3827.145749994088,1,2519.0,2519.0,1,4.0,4.0
tev1:4b,5,1,1,0,0,0,1,0,0.9741443025789214,,0.9741443025789214,0.9741443025789214,0.9741443025789214,0.9736622655132716,,0.9736622655132716,0.9736622655132716,0.9736622655132716,0.0138851208013645,,0.0138851208013645,0.0138851208013645,0.0138851208013645,0.920788195412006,,0.920788195412006,0.920788195412006,0.920788195412006,0.0004731765078476,,0.0004731765078476,0.0004731765078476,0.0004731765078476,0.0648535072787819,,0.0648535072787819,0.0648535072787819,0.0648535072787819,0.0066953444602175,,0.0066953444602175,0.0066953444602175,0.0066953444602175,0.1723133228143743,,0.1723133228143743,0.1723133228143743,0.1723133228143743,0.0019603851201498,,0.0019603851201498,0.0019603851201498,0.0019603851201498,0.0165226594813211,,0.0165226594813211,0.0165226594813211,0.0165226594813211,0.7053650242028885,,0.7053650242028885,0.7053650242028885,0.7053650242028885,0.0971432639210487,,0.0971432639210487,0.0971432639210487,0.0971432639210487,3.532978487915435,,3.532978487915435,3.532978487915435,3.532978487915435,1.0,1.0,1.0,0.456485374617241,2.220446049250313e-16,2.220446049250313e-16,1.2828930875817464,0.0,0.0,3892.912333016284,3892.912333016284,3892.912333016284,1,2527.0,2527.0,1,4.0,4.0
tev1:4b,6,1,1,0,0,0,1,0,0.838764388920091,,0.838764388920091,0.838764388920091,0.838764388920091,0.9438365022089392,,0.9438365022089392,0.9438365022089392,0.9438365022089392,0.2369056369576107,,0.2369056369576107,0.2369056369576107,0.2369056369576107,0.740935098743105,,0.740935098743105,0.740935098743105,0.740935098743105,0.0030747312880534,,0.0030747312880534,0.0030747312880534,0.0030747312880534,0.0190845330112307,,0.0190845330112307,0.0190845330112307,0.0190845330112307,0.0959076341079405,,0.0959076341079405,0.0959076341079405,0.0959076341079405,0.4609202622606987,,0.4609202622606987,0.4609202622606987,0.4609202622606987,0.0599387572080927,,0.0599387572080927,0.0599387572080927,0.0599387572080927,0.0318512109892698,,0.0318512109892698,0.0318512109892698,0.0318512109892698,0.3495331735110821,,0.3495331735110821,0.3495331735110821,0.3495331735110821,0.001848961922916,,0.001848961922916,0.001848961922916,0.001848961922916,2.0837289133036023,,2.0837289133036023,2.0837289133036023,2.0837289133036023,1.0,1.0,1.0,0.9473732533396864,0.0,0.0,1.788024349625321,-1.1102230246251563e-16,1.1102230246251563e-16,4251.468540984206,4251.468540984206,4251.468540984206,1,2531.0,2531.0,1,4.0,4.0
tev1:4b,7,1,1,0,0,0,1,0,0.2907888906006386,,0.2907888906006386,0.2907888906006386,0.2907888906006386,0.0033824704672155,,0.0033824704672155,0.0033824704672155,0.0033824704672155,0.018508317213154,,0.018508317213154,0.018508317213154,0.018508317213154,0.0034680440486677,,0.0034680440486677,0.0034680440486677,0.0034680440486677,0.9777568823152146,,0.9777568823152146,0.9777568823152146,0.9777568823152146,0.0002667564229634,,0.0002667564229634,0.0002667564229634,0.0002667564229634,0.4306528412699197,,0.4306528412699197,0.4306528412699197,0.4306528412699197,0.1523009052750709,,0.1523009052750709,0.1523009052750709,0.1523009052750709,0.4103709766200088,,0.4103709766200088,0.4103709766200088,0.4103709766200088,0.0033545128721967,,0.0033545128721967,0.0033545128721967,0.0033545128721967,0.0028756661406568,,0.0028756661406568,0.0028756661406568,0.0028756661406568,0.0004450978221468,,0.0004450978221468,0.0004450978221468,0.0004450978221468,0.9968345508050404,,0.9968345508050404,0.9968345508050404,0.9968345508050404,1.0,1.0,1.0,0.1697651318916959,-1.1102230246251563e-16,1.1102230246251563e-16,1.5210452188744563,-1.1102230246251563e-16,1.1102230246251563e-16,4321.895791974384,4321.895791974384,4321.895791974384,1,2555.0,2555.0,1,4.0,4.0
tev1:4b,8,1,1,0,0,0,1,0,0.1131149370728263,,0.1131149370728263,0.1131149370728263,0.1131149370728263,0.91521228543569,,0.91521228543569,0.91521228543569,0.91521228543569,0.964359778480057,,0.964359778480057,0.964359778480057,0.964359778480057,0.0283594383309936,,0.0283594383309936,0.0283594383309936,0.0283594383309936,0.0005092194118031,,0.0005092194118031,0.0005092194118031,0.0005092194118031,0.006771563777146,,0.006771563777146,0.006771563777146,0.006771563777146,0.6965530455774531,,0.6965530455774531,0.6965530455774531,0.6965530455774531,0.289280838971986,,0.289280838971986,0.289280838971986,0.289280838971986,0.0096187212991849,,0.0096187212991849,0.0096187212991849,0.0096187212991849,0.0026610760227661,,0.0026610760227661,0.0026610760227661,0.0026610760227661,0.0005678437270391,,0.0005678437270391,0.0005678437270391,0.0005678437270391,0.0013184744015706,,0.0013184744015706,0.0013184744015706,0.0013184744015706,0.3253652565546643,,0.3253652565546643,0.3253652565546643,0.3253652565546643,1.0,1.0,1.0,0.2506273539305909,-1.1102230246251563e-16,1.1102230246251563e-16,0.9869873071205064,0.0,0.0,4359.127625008114,4359.127625008114,4359.127625008114,1,2551.0,2551.0,1,4.0,4.0
tev1:4b,9,1,1,0,0,0,1,0,0.9157836306260528,,0.9157836306260528,0.9157836306260528,0.9157836306260528,0.9779201762125218,,0.9779201762125218,0.9779201762125218,0.9779201762125218,0.0492373900742351,,0.0492373900742351,0.0492373900742351,0.0492373900742351,0.9218395725400368,,0.9218395725400368,0.9218395725400368,0.9218395725400368,0.0079175148397024,,0.0079175148397024,0.0079175148397024,0.0079175148397024,0.0210055225460255,,0.0210055225460255,0.0210055225460255,0.0210055225460255,0.0259326028587391,,0.0259326028587391,0.0259326028587391,0.0259326028587391,0.2845979412434207,,0.2845979412434207,0.2845979412434207,0.2845979412434207,0.0503327307776154,,0.0503327307776154,0.0503327307776154,0.0503327307776154,0.0411377732238108,,0.0411377732238108,0.0411377732238108,0.0411377732238108,0.5925017101607397,,0.5925017101607397,0.5925017101607397,0.5925017101607397,0.005497241735674,,0.005497241735674,0.005497241735674,0.005497241735674,2.9061697717914132,,2.9061697717914132,2.9061697717914132,2.9061697717914132,1.0,1.0,1.0,0.4944633321628338,-1.1102230246251563e-16,1.1102230246251563e-16,1.5477156727991792,0.0,0.0,4379.158583004028,4379.158583004028,4379.158583004028,1,2535.0,2535.0,1,4.0,4.0
tev1:4b,10,1,1,0,0,0,1,0,0.9844881945326636,,0.9844881945326636,0.9844881945326636,0.9844881945326636,0.9894960918080852,,0.9894960918080852,0.9894960918080852,0.9894960918080852,0.0040282342831659,,0.0040282342831659,0.0040282342831659,0.0040282342831659,0.8865120205263027,,0.8865120205263027,0.8865120205263027,0.8865120205263027,0.0003932592391129,,0.0003932592391129,0.0003932592391129,0.0003932592391129,0.1090664859514182,,0.1090664859514182,0.1090664859514182,0.1090664859514182,0.0032741051828359,,0.0032741051828359,0.0032741051828359,0.0032741051828359,0.0425081849188238,,0.0425081849188238,0.0425081849188238,0.0425081849188238,0.0024523037319461,,0.0024523037319461,0.0024523037319461,0.0024523037319461,0.0270920934796592,,0.0270920934796592,0.0270920934796592,0.0270920934796592,0.7641683175323434,,0.7641683175323434,0.7641683175323434,0.7641683175323434,0.1605049951543914,,0.1605049951543914,0.1605049951543914,0.1605049951543914,3.9878873187230246,,3.9878873187230246,3.9878873187230246,3.9878873187230246,1.0,1.0,1.0,0.5392159148184158,-1.1102230246251563e-16,1.1102230246251563e-16,1.1031539295660853,0.0,0.0,4370.373915997334,4370.373915997334,4370.373915997334,1,2523.0,2523.0,1,4.0,4.0
gemma4:e4b,1,1,1,0,0,0,1,0,0.0,,0.0,0.0,0.0,1.0,,1.0,1.0,1.0,1.0,,1.0,1.0,1.0,0.0,,0.0,0.0,0.0,0.0,,0.0,0.0,0.0,0.0,,0.0,0.0,0.0,1.0,,1.0,1.0,1.0,0.0,,0.0,0.0,0.0,0.0,,0.0,0.0,0.0,0.0,,0.0,0.0,0.0,0.0,,0.0,0.0,0.0,0.0,,0.0,0.0,0.0,0.0,,0.0,0.0,0.0,1.0,1.0,1.0,0.0,0.0,0.0,0.0,0.0,0.0,11035.317541041875,11035.317541041875,11035.317541041875,1,382.0,382.0,1,425.0,425.0
gemma4:e4b,2,1,1,0,0,0,1,0,1.0,,1.0,1.0,1.0,1.0,,1.0,1.0,1.0,0.0,,0.0,0.0,0.0,1.0,,1.0,1.0,1.0,0.0,,0.0,0.0,0.0,0.0,,0.0,0.0,0.0,0.0,,0.0,0.0,0.0,0.0,,0.0,0.0,0.0,0.0,,0.0,0.0,0.0,0.0,,0.0,0.0,0.0,1.0,,1.0,1.0,1.0,0.0,,0.0,0.0,0.0,4.0,,4.0,4.0,4.0,1.0,1.0,1.0,0.0,0.0,0.0,0.0,0.0,0.0,11705.236125038937,11705.236125038937,11705.236125038937,1,384.0,384.0,1,521.0,521.0
gemma4:e4b,3,1,1,0,0,0,1,0,1.0,,1.0,1.0,1.0,1.0,,1.0,1.0,1.0,0.0,,0.0,0.0,0.0,1.0,,1.0,1.0,1.0,0.0,,0.0,0.0,0.0,0.0,,0.0,0.0,0.0,0.0,,0.0,0.0,0.0,0.0,,0.0,0.0,0.0,0.0,,0.0,0.0,0.0,0.0,,0.0,0.0,0.0,0.0,,0.0,0.0,0.0,1.0,,1.0,1.0,1.0,5.0,,5.0,5.0,5.0,1.0,1.0,1.0,0.0,0.0,0.0,0.0,0.0,0.0,11839.863708999474,11839.863708999474,11839.863708999474,1,384.0,384.0,1,518.0,518.0
gemma4:e4b,4,1,1,0,0,0,1,0,0.0,,0.0,0.0,0.0,1.0,,1.0,1.0,1.0,1.0,,1.0,1.0,1.0,0.0,,0.0,0.0,0.0,0.0,,0.0,0.0,0.0,0.0,,0.0,0.0,0.0,1.0,,1.0,1.0,1.0,0.0,,0.0,0.0,0.0,0.0,,0.0,0.0,0.0,0.0,,0.0,0.0,0.0,0.0,,0.0,0.0,0.0,0.0,,0.0,0.0,0.0,0.0,,0.0,0.0,0.0,1.0,1.0,1.0,0.0,0.0,0.0,0.0,0.0,0.0,9305.910040973686,9305.910040973686,9305.910040973686,1,380.0,380.0,1,386.0,386.0
gemma4:e4b,5,1,1,0,0,0,1,0,1.0,,1.0,1.0,1.0,1.0,,1.0,1.0,1.0,0.0,,0.0,0.0,0.0,1.0,,1.0,1.0,1.0,0.0,,0.0,0.0,0.0,0.0,,0.0,0.0,0.0,0.0,,0.0,0.0,0.0,0.0,,0.0,0.0,0.0,0.0,,0.0,0.0,0.0,0.0,,0.0,0.0,0.0,0.0,,0.0,0.0,0.0,1.0,,1.0,1.0,1.0,5.0,,5.0,5.0,5.0,1.0,1.0,1.0,0.0,0.0,0.0,0.0,0.0,0.0,12195.93258301029,12195.93258301029,12195.93258301029,1,383.0,383.0,1,520.0,520.0
gemma4:e4b,6,1,1,0,0,0,1,0,1.0,,1.0,1.0,1.0,1.0,,1.0,1.0,1.0,0.0,,0.0,0.0,0.0,1.0,,1.0,1.0,1.0,0.0,,0.0,0.0,0.0,0.0,,0.0,0.0,0.0,0.0,,0.0,0.0,0.0,0.0,,0.0,0.0,0.0,0.0,,0.0,0.0,0.0,0.0,,0.0,0.0,0.0,1.0,,1.0,1.0,1.0,0.0,,0.0,0.0,0.0,4.0,,4.0,4.0,4.0,1.0,1.0,1.0,0.0,0.0,0.0,0.0,0.0,0.0,12675.09858397534,12675.09858397534,12675.09858397534,1,384.0,384.0,1,555.0,555.0
gemma4:e4b,7,1,1,0,0,0,1,0,0.0,,0.0,0.0,0.0,0.0,,0.0,0.0,0.0,0.0,,0.0,0.0,0.0,0.0,,0.0,0.0,0.0,1.0,,1.0,1.0,1.0,0.0,,0.0,0.0,0.0,1.0,,1.0,1.0,1.0,0.0,,0.0,0.0,0.0,0.0,,0.0,0.0,0.0,0.0,,0.0,0.0,0.0,0.0,,0.0,0.0,0.0,0.0,,0.0,0.0,0.0,0.0,,0.0,0.0,0.0,1.0,1.0,1.0,0.0,0.0,0.0,0.0,0.0,0.0,13678.932458977217,13678.932458977217,13678.932458977217,1,390.0,390.0,1,556.0,556.0
gemma4:e4b,8,1,1,0,0,0,1,0,0.0,,0.0,0.0,0.0,1.0,,1.0,1.0,1.0,1.0,,1.0,1.0,1.0,0.0,,0.0,0.0,0.0,0.0,,0.0,0.0,0.0,0.0,,0.0,0.0,0.0,1.0,,1.0,1.0,1.0,0.0,,0.0,0.0,0.0,0.0,,0.0,0.0,0.0,0.0,,0.0,0.0,0.0,0.0,,0.0,0.0,0.0,0.0,,0.0,0.0,0.0,0.0,,0.0,0.0,0.0,1.0,1.0,1.0,0.0,0.0,0.0,0.0,0.0,0.0,9980.374125007074,9980.374125007074,9980.374125007074,1,390.0,390.0,1,420.0,420.0
gemma4:e4b,9,1,1,0,0,0,1,0,1.0,,1.0,1.0,1.0,1.0,,1.0,1.0,1.0,0.0,,0.0,0.0,0.0,1.0,,1.0,1.0,1.0,0.0,,0.0,0.0,0.0,0.0,,0.0,0.0,0.0,0.0,,0.0,0.0,0.0,0.0,,0.0,0.0,0.0,0.0,,0.0,0.0,0.0,0.0,,0.0,0.0,0.0,1.0,,1.0,1.0,1.0,0.0,,0.0,0.0,0.0,4.0,,4.0,4.0,4.0,1.0,1.0,1.0,0.0,0.0,0.0,0.0,0.0,0.0,12715.421916975174,12715.421916975174,12715.421916975174,1,384.0,384.0,1,525.0,525.0
gemma4:e4b,10,1,1,0,0,0,1,0,1.0,,1.0,1.0,1.0,1.0,,1.0,1.0,1.0,0.0,,0.0,0.0,0.0,0.0,,0.0,0.0,0.0,0.0,,0.0,0.0,0.0,1.0,,1.0,1.0,1.0,0.0,,0.0,0.0,0.0,0.0,,0.0,0.0,0.0,0.0,,0.0,0.0,0.0,0.0,,0.0,0.0,0.0,1.0,,1.0,1.0,1.0,0.0,,0.0,0.0,0.0,4.0,,4.0,4.0,4.0,1.0,1.0,1.0,0.0,0.0,0.0,0.0,0.0,0.0,11976.557582966052,11976.557582966052,11976.557582966052,1,382.0,382.0,1,510.0,510.0
mistral-small-latest,1,30,3,27,27,0,30,27,0.0,0.0,0.0,0.0,0.0,1.0,0.0,1.0,1.0,1.0,1.0,0.0,1.0,1.0,1.0,0.0,0.0,0.0,0.0,0.0,0.0,0.0,0.0,0.0,0.0,0.0,0.0,0.0,0.0,0.0,1.0,0.0,1.0,1.0,1.0,0.0,0.0,0.0,0.0,0.0,0.0,0.0,0.0,0.0,0.0,0.0,0.0,0.0,0.0,0.0,0.0,0.0,0.0,0.0,0.0,0.0,0.0,0.0,0.0,0.0,0.0,0.0,0.0,0.0,0.0,1.0,1.0,1.0,0.0,0.0,0.0,0.0,0.0,0.0,875.3988639703797,841.2898539972957,1030.4961313930105,3,1116.0,372.0,3,372.0,124.0
mistral-small-latest,2,30,1,29,29,0,31,30,1.0,,1.0,1.0,1.0,1.0,,1.0,1.0,1.0,0.0,,0.0,0.0,0.0,1.0,,1.0,1.0,1.0,0.0,,0.0,0.0,0.0,0.0,,0.0,0.0,0.0,0.0,,0.0,0.0,0.0,0.0,,0.0,0.0,0.0,0.0,,0.0,0.0,0.0,1.0,,1.0,1.0,1.0,0.0,,0.0,0.0,0.0,0.0,,0.0,0.0,0.0,3.0,,3.0,3.0,3.0,1.0,1.0,1.0,0.0,0.0,0.0,0.0,0.0,0.0,909.5566818704052,802.777208504267,1491.0195873642797,1,374.0,374.0,1,100.0,100.0
mistral-small-latest,3,30,0,30,30,0,31,31,,,,,,,,,,,,,,,,,,,,,,,,,,,,,,,,,,,,,,,,,,,,,,,,,,,,,,,,,,,,,,,,,,,,,,,,,,,834.0306154394057,789.3692494835705,887.8104541654465,0,,,0,,
mistral-small-latest,4,30,0,30,30,0,31,31,,,,,,,,,,,,,,,,,,,,,,,,,,,,,,,,,,,,,,,,,,,,,,,,,,,,,,,,,,,,,,,,,,,,,,,,,,,1011.3905596896075,889.3458124948665,1567.0325704762938,0,,,0,,
mistral-small-latest,5,30,0,30,30,0,31,31,,,,,,,,,,,,,,,,,,,,,,,,,,,,,,,,,,,,,,,,,,,,,,,,,,,,,,,,,,,,,,,,,,,,,,,,,,,920.2906055278921,866.4254584873561,1321.0158412810408,0,,,0,,
mistral-small-latest,6,30,0,30,30,0,31,31,,,,,,,,,,,,,,,,,,,,,,,,,,,,,,,,,,,,,,,,,,,,,,,,,,,,,,,,,,,,,,,,,,,,,,,,,,,922.0025347739769,885.5430420080665,1169.626554351998,0,,,0,,
mistral-small-latest,7,30,0,30,26,4,31,31,,,,,,,,,,,,,,,,,,,,,,,,,,,,,,,,,,,,,,,,,,,,,,,,,,,,,,,,,,,,,,,,,,,,,,0.0,0.0,,-1.0,1.0,882.6579833306217,829.140500020003,1200.0101081706816,4,1528.0,382.0,4,448.0,112.0
mistral-small-latest,8,30,0,30,30,0,31,31,,,,,,,,,,,,,,,,,,,,,,,,,,,,,,,,,,,,,,,,,,,,,,,,,,,,,,,,,,,,,,,,,,,,,,,,,,,866.0531223382956,811.951729527209,1179.7792750177905,0,,,0,,
mistral-small-latest,9,27,0,27,27,0,28,28,,,,,,,,,,,,,,,,,,,,,,,,,,,,,,,,,,,,,,,,,,,,,,,,,,,,,,,,,,,,,,,,,,,,,,,,,,,857.6230169661964,792.1029590070248,1213.1095918128267,0,,,0,,
mistral-small-latest,10,1,0,1,1,0,1,1,,,,,,,,,,,,,,,,,,,,,,,,,,,,,,,,,,,,,,,,,,,,,,,,,,,,,,,,,,,,,,,,,,,,,,,,,,,867.6316249766387,867.6316249766387,867.6316249766387,0,,,0,,
mistral-large-latest,1,1,1,0,0,0,1,0,0.0,,0.0,0.0,0.0,1.0,,1.0,1.0,1.0,1.0,,1.0,1.0,1.0,0.0,,0.0,0.0,0.0,0.0,,0.0,0.0,0.0,0.0,,0.0,0.0,0.0,1.0,,1.0,1.0,1.0,0.0,,0.0,0.0,0.0,0.0,,0.0,0.0,0.0,0.0,,0.0,0.0,0.0,0.0,,0.0,0.0,0.0,0.0,,0.0,0.0,0.0,0.0,,0.0,0.0,0.0,1.0,1.0,1.0,0.0,0.0,0.0,0.0,0.0,0.0,1893.6850420432163,1893.6850420432163,1893.6850420432163,1,372.0,372.0,1,146.0,146.0
mistral-large-latest,2,1,1,0,0,0,1,0,0.95,,0.95,0.95,0.95,1.0,,1.0,1.0,1.0,0.05,,0.05,0.05,0.05,0.95,,0.95,0.95,0.95,0.0,,0.0,0.0,0.0,0.0,,0.0,0.0,0.0,0.0,,0.0,0.0,0.0,0.0,,0.0,0.0,0.0,0.0,,0.0,0.0,0.0,0.1,,0.1,0.1,0.1,0.9,,0.9,0.9,0.9,0.0,,0.0,0.0,0.0,3.9,,3.9,3.9,3.9,1.0,1.0,1.0,0.2863969571159562,0.0,0.0,0.4689955935892812,0.0,0.0,1866.2854590220377,1866.2854590220377,1866.2854590220377,1,374.0,374.0,1,135.0,135.0
mistral-large-latest,3,1,1,0,0,0,1,0,1.0,,1.0,1.0,1.0,1.0,,1.0,1.0,1.0,0.0,,0.0,0.0,0.0,1.0,,1.0,1.0,1.0,0.0,,0.0,0.0,0.0,0.0,,0.0,0.0,0.0,0.0,,0.0,0.0,0.0,0.0,,0.0,0.0,0.0,0.0,,0.0,0.0,0.0,0.0,,0.0,0.0,0.0,1.0,,1.0,1.0,1.0,0.0,,0.0,0.0,0.0,4.0,,4.0,4.0,4.0,1.0,1.0,1.0,0.0,0.0,0.0,0.0,0.0,0.0,1582.590208039619,1582.590208039619,1582.590208039619,1,374.0,374.0,1,122.0,122.0
mistral-large-latest,4,1,0,1,1,0,1,1,,,,,,,,,,,,,,,,,,,,,,,,,,,,,,,,,,,,,,,,,,,,,,,,,,,,,,,,,,,,,,,,,,,,,,,,,,,1544.4517500000077,1544.4517500000077,1544.4517500000077,0,,,0,,
mistral-large-latest,5,1,1,0,0,0,1,0,0.95,,0.95,0.95,0.95,1.0,,1.0,1.0,1.0,0.05,,0.05,0.05,0.05,0.9,,0.9,0.9,0.9,0.0,,0.0,0.0,0.0,0.05,,0.05,0.05,0.05,0.0,,0.0,0.0,0.0,0.0,,0.0,0.0,0.0,0.0,,0.0,0.0,0.0,0.1,,0.1,0.1,0.1,0.8,,0.8,0.8,0.8,0.1,,0.1,0.1,0.1,4.0,,4.0,4.0,4.0,1.0,1.0,1.0,0.5689955935892812,0.0,0.0,0.9219280948873624,0.0,0.0,2027.7564999996684,2027.7564999996684,2027.7564999996684,1,373.0,373.0,1,139.0,139.0
mistral-large-latest,6,1,0,1,1,0,1,1,,,,,,,,,,,,,,,,,,,,,,,,,,,,,,,,,,,,,,,,,,,,,,,,,,,,,,,,,,,,,,,,,,,,,,,,,,,2426.538707979489,2426.538707979489,2426.538707979489,0,,,0,,
mistral-large-latest,7,1,1,0,0,0,1,0,0.0,,0.0,0.0,0.0,0.0,,0.0,0.0,0.0,0.0,,0.0,0.0,0.0,0.0,,0.0,0.0,0.0,1.0,,1.0,1.0,1.0,0.0,,0.0,0.0,0.0,1.0,,1.0,1.0,1.0,0.0,,0.0,0.0,0.0,0.0,,0.0,0.0,0.0,0.0,,0.0,0.0,0.0,0.0,,0.0,0.0,0.0,0.0,,0.0,0.0,0.0,0.0,,0.0,0.0,0.0,1.0,1.0,1.0,0.0,0.0,0.0,0.0,0.0,0.0,2772.2974159987643,2772.2974159987643,2772.2974159987643,1,382.0,382.0,1,122.0,122.0
mistral-large-latest,8,1,1,0,0,0,1,0,0.0,,0.0,0.0,0.0,1.0,,1.0,1.0,1.0,1.0,,1.0,1.0,1.0,0.0,,0.0,0.0,0.0,0.0,,0.0,0.0,0.0,0.0,,0.0,0.0,0.0,1.0,,1.0,1.0,1.0,0.0,,0.0,0.0,0.0,0.0,,0.0,0.0,0.0,0.0,,0.0,0.0,0.0,0.0,,0.0,0.0,0.0,0.0,,0.0,0.0,0.0,0.0,,0.0,0.0,0.0,1.0,1.0,1.0,0.0,0.0,0.0,0.0,0.0,0.0,1410.8839170075953,1410.8839170075953,1410.8839170075953,1,380.0,380.0,1,100.0,100.0
mistral-large-latest,9,1,0,1,1,0,1,1,,,,,,,,,,,,,,,,,,,,,,,,,,,,,,,,,,,,,,,,,,,,,,,,,,,,,,,,,,,,,,,,,,,,,,,,,,,1807.9688340076243,1807.9688340076243,1807.9688340076243,0,,,0,,
mistral-large-latest,10,1,0,1,1,0,1,1,,,,,,,,,,,,,,,,,,,,,,,,,,,,,,,,,,,,,,,,,,,,,,,,,,,,,,,,,,,,,,,,,,,,,,,,,,,1858.4045000025071,1858.4045000025071,1858.4045000025071,0,,,0,,
