model,repetition,attempt,timestamp_utc,requires_clarification,requires_human_review,policy_grounding_required,safety_compliance_concern,coverage_likely,potential_fraud_signal,latency_ms,input_tokens,output_tokens,validation_success,error,raw_response_json
tev1:0.8b,1,1,2026-10-02T12:22:27.284773+00:00,,,,,,,2.823667018674314,,,False,ResponseError: request body must not exceed 64 KiB (status code: 413),"{""exception_type"": ""ResponseError"", ""message"": ""request body must not exceed 64 KiB (status code: 413)"", ""status_code"": 413, ""body"": ""request body must not exceed 64 KiB""}"
tev1:0.8b,2,1,2026-10-02T12:22:27.288836+00:00,,,,,,,3.025875019375235,,,False,ResponseError: request body must not exceed 64 KiB (status code: 413),"{""exception_type"": ""ResponseError"", ""message"": ""request body must not exceed 64 KiB (status code: 413)"", ""status_code"": 413, ""body"": ""request body must not exceed 64 KiB""}"
tev1:0.8b,3,1,2026-10-02T12:22:27.291469+00:00,,,,,,,1.9304169691167772,,,False,ResponseError: request body must not exceed 64 KiB (status code: 413),"{""exception_type"": ""ResponseError"", ""message"": ""request body must not exceed 64 KiB (status code: 413)"", ""status_code"": 413, ""body"": ""request body must not exceed 64 KiB""}"
tev1:0.8b,4,1,2026-10-02T12:22:27.293260+00:00,,,,,,,1.1855000047944486,,,False,ResponseError: request body must not exceed 64 KiB (status code: 413),"{""exception_type"": ""ResponseError"", ""message"": ""request body must not exceed 64 KiB (status code: 413)"", ""status_code"": 413, ""body"": ""request body must not exceed 64 KiB""}"
tev1:0.8b,5,1,2026-10-02T12:22:27.296644+00:00,,,,,,,2.853417012374848,,,False,ResponseError: request body must not exceed 64 KiB (status code: 413),"{""exception_type"": ""ResponseError"", ""message"": ""request body must not exceed 64 KiB (status code: 413)"", ""status_code"": 413, ""body"": ""request body must not exceed 64 KiB""}"
tev1:0.8b,6,1,2026-10-02T12:22:27.303339+00:00,,,,,,,6.177000002935529,,,False,ResponseError: request body must not exceed 64 KiB (status code: 413),"{""exception_type"": ""ResponseError"", ""message"": ""request body must not exceed 64 KiB (status code: 413)"", ""status_code"": 413, ""body"": ""request body must not exceed 64 KiB""}"
tev1:0.8b,7,1,2026-10-02T12:22:27.305476+00:00,,,,,,,1.356624998152256,,,False,ResponseError: request body must not exceed 64 KiB (status code: 413),"{""exception_type"": ""ResponseError"", ""message"": ""request body must not exceed 64 KiB (status code: 413)"", ""status_code"": 413, ""body"": ""request body must not exceed 64 KiB""}"
tev1:0.8b,8,1,2026-10-02T12:22:27.307276+00:00,,,,,,,1.2089999509043992,,,False,ResponseError: request body must not exceed 64 KiB (status code: 413),"{""exception_type"": ""ResponseError"", ""message"": ""request body must not exceed 64 KiB (status code: 413)"", ""status_code"": 413, ""body"": ""request body must not exceed 64 KiB""}"
tev1:0.8b,9,1,2026-10-02T12:22:27.309246+00:00,,,,,,,1.263583020772785,,,False,ResponseError: request body must not exceed 64 KiB (status code: 413),"{""exception_type"": ""ResponseError"", ""message"": ""request body must not exceed 64 KiB (status code: 413)"", ""status_code"": 413, ""body"": ""request body must not exceed 64 KiB""}"
tev1:0.8b,10,1,2026-10-02T12:22:27.312216+00:00,,,,,,,2.2883329656906426,,,False,ResponseError: request body must not exceed 64 KiB (status code: 413),"{""exception_type"": ""ResponseError"", ""message"": ""request body must not exceed 64 KiB (status code: 413)"", ""status_code"": 413, ""body"": ""request body must not exceed 64 KiB""}"
tev1:4b,1,1,2026-10-02T12:22:27.318056+00:00,,,,,,,5.268916022032499,,,False,ResponseError: request body must not exceed 64 KiB (status code: 413),"{""exception_type"": ""ResponseError"", ""message"": ""request body must not exceed 64 KiB (status code: 413)"", ""status_code"": 413, ""body"": ""request body must not exceed 64 KiB""}"
tev1:4b,2,1,2026-10-02T12:22:27.320841+00:00,,,,,,,1.8488329951651394,,,False,ResponseError: request body must not exceed 64 KiB (status code: 413),"{""exception_type"": ""ResponseError"", ""message"": ""request body must not exceed 64 KiB (status code: 413)"", ""status_code"": 413, ""body"": ""request body must not exceed 64 KiB""}"
tev1:4b,3,1,2026-10-02T12:22:27.322700+00:00,,,,,,,1.1958330287598073,,,False,ResponseError: request body must not exceed 64 KiB (status code: 413),"{""exception_type"": ""ResponseError"", ""message"": ""request body must not exceed 64 KiB (status code: 413)"", ""status_code"": 413, ""body"": ""request body must not exceed 64 KiB""}"
tev1:4b,4,1,2026-10-02T12:22:27.324411+00:00,,,,,,,1.1187499621883035,,,False,ResponseError: request body must not exceed 64 KiB (status code: 413),"{""exception_type"": ""ResponseError"", ""message"": ""request body must not exceed 64 KiB (status code: 413)"", ""status_code"": 413, ""body"": ""request body must not exceed 64 KiB""}"
tev1:4b,5,1,2026-10-02T12:22:27.326772+00:00,,,,,,,1.7066250438801944,,,False,ResponseError: request body must not exceed 64 KiB (status code: 413),"{""exception_type"": ""ResponseError"", ""message"": ""request body must not exceed 64 KiB (status code: 413)"", ""status_code"": 413, ""body"": ""request body must not exceed 64 KiB""}"
tev1:4b,6,1,2026-10-02T12:22:27.334544+00:00,,,,,,,7.168332987930626,,,False,ResponseError: request body must not exceed 64 KiB (status code: 413),"{""exception_type"": ""ResponseError"", ""message"": ""request body must not exceed 64 KiB (status code: 413)"", ""status_code"": 413, ""body"": ""request body must not exceed 64 KiB""}"
tev1:4b,7,1,2026-10-02T12:22:27.337291+00:00,,,,,,,1.857540977653116,,,False,ResponseError: request body must not exceed 64 KiB (status code: 413),"{""exception_type"": ""ResponseError"", ""message"": ""request body must not exceed 64 KiB (status code: 413)"", ""status_code"": 413, ""body"": ""request body must not exceed 64 KiB""}"
tev1:4b,8,1,2026-10-02T12:22:27.339298+00:00,,,,,,,1.2370829936116934,,,False,ResponseError: request body must not exceed 64 KiB (status code: 413),"{""exception_type"": ""ResponseError"", ""message"": ""request body must not exceed 64 KiB (status code: 413)"", ""status_code"": 413, ""body"": ""request body must not exceed 64 KiB""}"
tev1:4b,9,1,2026-10-02T12:22:27.341015+00:00,,,,,,,1.0972919990308583,,,False,ResponseError: request body must not exceed 64 KiB (status code: 413),"{""exception_type"": ""ResponseError"", ""message"": ""request body must not exceed 64 KiB (status code: 413)"", ""status_code"": 413, ""body"": ""request body must not exceed 64 KiB""}"
tev1:4b,10,1,2026-10-02T12:22:27.343013+00:00,,,,,,,1.397165993694216,,,False,ResponseError: request body must not exceed 64 KiB (status code: 413),"{""exception_type"": ""ResponseError"", ""message"": ""request body must not exceed 64 KiB (status code: 413)"", ""status_code"": 413, ""body"": ""request body must not exceed 64 KiB""}"
